{"users": {"RhysRodriguez1000": {"naam": "Rhys Rodriguez", "id": 1000, "geboorteDatum": "03/26/1987", "woonplaats": "6002 Jo Danielle Place", "gehuurdeFiets": "None"}, "SabrinaOsborne1001": {"naam": "Sabrina Osborne", "id": 1001, "geboorteDatum": "03/19/1990", "woonplaats": "161 Creek Road", "gehuurdeFiets": "None"}, "ByronFox1002": {"naam": "Byron Fox", "id": 1002, "geboorteDatum": "01/09/1991", "woonplaats": "5606 Olde Wadsworth Boulevard", "gehuurdeFiets": "None"}, "ElsaHarper1003": {"naam": "Elsa Harper", "id": 1003, "geboorteDatum": "07/20/1981", "woonplaats": "1801 Dodge Trail", "gehuurdeFiets": "None"}, "SeamusReid1004": {"naam": "Seamus Reid", "id": 1004, "geboorteDatum": "02/03/2000", "woonplaats": "5 Westlund Avenue", "gehuurdeFiets": "None"}, "FatimaValdez1005": {"naam": "Fatima Valdez", "id": 1005, "geboorteDatum": "12/05/1997", "woonplaats": "2902 North Gregg Avenue", "gehuurdeFiets": "None"}, "VinceJenkins1006": {"naam": "Vince Jenkins", "id": 1006, "geboorteDatum": "12/21/1992", "woonplaats": "2654 Quiet Water Cove", "gehuurdeFiets": "None"}, "SaraMcKinney1007": {"naam": "Sara McKinney", "id": 1007, "geboorteDatum": "02/16/2000", "woonplaats": "536 Walters Farm Road", "gehuurdeFiets": "None"}, "NigelMoreno1008": {"naam": "Nigel Moreno", "id": 1008, "geboorteDatum": "07/21/1999", "woonplaats": "2200 East Victory Drive", "gehuurdeFiets": "None"}, "LunaSutton1009": {"naam": "Luna Sutton", "id": 1009, "geboorteDatum": "04/27/1994", "woonplaats": "4738 Mallard Common", "gehuurdeFiets": "None"}}, "bikes": {"Fiets1000": {"id": 1000, "status": "Vrij", "Lokatie": "Base"}, "Fiets1001": {"id": 1001, "status": "Vrij", "Lokatie": "Base"}, "Fiets1002": {"id": 1002, "status": "Vrij", "Lokatie": "Base"}, "Fiets1003": {"id": 1003, "status": "Vrij", "Lokatie": "Base"}, "Fiets1004": {"id": 1004, "status": "Vrij", "Lokatie": "Base"}, "Fiets1005": {"id": 1005, "status": "Vrij", "Lokatie": "Base"}, "Fiets1006": {"id": 1006, "status": "Vrij", "Lokatie": "Base"}, "Fiets1007": {"id": 1007, "status": "Vrij", "Lokatie": "Base"}, "Fiets1008": {"id": 1008, "status": "Vrij", "Lokatie": "Base"}, "Fiets1009": {"id": 1009, "status": "Vrij", "Lokatie": "Base"}}, "stations": {"Station8398": {"id": 8398, "location": {"type": "Point", "coordinates": [4.408980241805866, 51.22809856261614]}, "capacity": 36, "availableSlots": [false, false, false, false, false, false, false, false, false, false, false, false, false, false, false, false, false, false, false, false, false, false, false, false, false, false, false, false, false, false, false, false, false, false, false, false], "bikes": []}, "Station8399": {"id": 8399, "location": {"type": "Point", "coordinates": [4.420714866198774, 51.21767780587627]}, "capacity": 36, "availableSlots": [false, false, false, false, false, false, false, false, false, false, false, false, false, false, false, false, false, false, false, false, false, false, false, false, false, false, false, false, false, false, false, false, false, false, false, false], "bikes": []}, "Station8400": {"id": 8400, "location": {"type": "Point", "coordinates": [4.412407312236119, 51.21824789917112]}, "capacity": 33, "availableSlots": [false, false, false, false, false, false, false, false, false, false, false, false, false, false, false, false, false, false, false, false, false, false, false, false, false, false, false, false, false, false, false, false, false], "bikes": []}, "Station8401": {"id": 8401, "location": {"type": "Point", "coordinates": [4.404046676085695, 51.219032966400725]}, "capacity": 24, "availableSlots": [false, false, false, false, false, false, false, false, false, false, false, false, false, false, false, false, false, false, false, false, false, false, false, false], "bikes": []}, "Station8402": {"id": 8402, "location": {"type": "Point", "coordinates": [4.400657929074812, 51.21868479063435]}, "capacity": 27, "availableSlots": [false, false, false, false, false, false, false, false, false, false, false, false, false, false, false, false, false, false, false, false, false, false, false, false, false, false, false], "bikes": []}, "Station8403": {"id": 8403, "location": {"type": "Point", "coordinates": [4.387591742767317, 51.21027297976258]}, "capacity": 36, "availableSlots": [false, false, false, false, false, false, false, false, false, false, false, false, false, false, false, false, false, false, false, false, false, false, false, false, false, false, false, false, false, false, false, false, false, false, false, false], "bikes": []}, "Station8404": {"id": 8404, "location": {"type": "Point", "coordinates": [4.396243875341884, 51.20472535272321]}, "capacity": 33, "availableSlots": [false, false, false, false, false, false, false, false, false, false, false, false, false, false, false, false, false, false, false, false, false, false, false, false, false, false, false, false, false, false, false, false, false], "bikes": []}, "Station8405": {"id": 8405, "location": {"type": "Point", "coordinates": [4.390133929205514, 51.199392358461864]}, "capacity": 36, "availableSlots": [false, false, false, false, false, false, false, false, false, false, false, false, false, false, false, false, false, false, false, false, false, false, false, false, false, false, false, false, false, false, false, false, false, false, false, false], "bikes": []}, "Station8406": {"id": 8406, "location": {"type": "Point", "coordinates": [4.411640680463491, 51.21952794740704]}, "capacity": 36, "availableSlots": [false, false, false, false, false, false, false, false, false, false, false, false, false, false, false, false, false, false, false, false, false, false, false, false, false, false, false, false, false, false, false, false, false, false, false, false], "bikes": []}, "Station8407": {"id": 8407, "location": {"type": "Point", "coordinates": [4.418357190227442, 51.20582978078355]}, "capacity": 36, "availableSlots": [false, false, false, false, false, false, false, false, false, false, false, false, false, false, false, false, false, false, false, false, false, false, false, false, false, false, false, false, false, false, false, false, false, false, false, false], "bikes": []}}}