{"Station8398": {"id": 8398, "location": {"type": "Point", "coordinates": [4.408980241805866, 51.22809856261614]}, "capacity": 36, "isSlotTaken": [false, false, false, false, false, false, false, false, false, false, false, false, false, false, false, false, false, false, false, false, false, false, false, false, false, false, false, false, false, false, false, false, false, false, false, false]}, "Station8399": {"id": 8399, "location": {"type": "Point", "coordinates": [4.420714866198774, 51.21767780587627]}, "capacity": 36, "isSlotTaken": [false, false, false, false, false, false, false, false, false, false, false, false, false, false, false, false, false, false, false, false, false, false, false, false, false, false, false, false, false, false, false, false, false, false, false, false]}, "Station8400": {"id": 8400, "location": {"type": "Point", "coordinates": [4.412407312236119, 51.21824789917112]}, "capacity": 33, "isSlotTaken": [false, false, false, false, false, false, false, false, false, false, false, false, false, false, false, false, false, false, false, false, false, false, false, false, false, false, false, false, false, false, false, false, false]}, "Station8401": {"id": 8401, "location": {"type": "Point", "coordinates": [4.404046676085695, 51.219032966400725]}, "capacity": 24, "isSlotTaken": [false, false, false, false, false, false, false, false, false, false, false, false, false, false, false, false, false, false, false, false, false, false, false, false]}, "Station8402": {"id": 8402, "location": {"type": "Point", "coordinates": [4.400657929074812, 51.21868479063435]}, "capacity": 27, "isSlotTaken": [false, false, false, false, false, false, false, false, false, false, false, false, false, false, false, false, false, false, false, false, false, false, false, false, false, false, false]}, "Station8403": {"id": 8403, "location": {"type": "Point", "coordinates": [4.387591742767317, 51.21027297976258]}, "capacity": 36, "isSlotTaken": [false, false, false, false, false, false, false, false, false, false, false, false, false, false, false, false, false, false, false, false, false, false, false, false, false, false, false, false, false, false, false, false, false, false, false, false]}, "Station8404": {"id": 8404, "location": {"type": "Point", "coordinates": [4.396243875341884, 51.20472535272321]}, "capacity": 33, "isSlotTaken": [false, false, false, false, false, false, false, false, false, false, false, false, false, false, false, false, false, false, false, false, false, false, false, false, false, false, false, false, false, false, false, false, false]}, "Station8405": {"id": 8405, "location": {"type": "Point", "coordinates": [4.390133929205514, 51.199392358461864]}, "capacity": 36, "isSlotTaken": [false, false, false, false, false, false, false, false, false, false, false, false, false, false, false, false, false, false, false, false, false, false, false, false, false, false, false, false, false, false, false, false, false, false, false, false]}, "Station8406": {"id": 8406, "location": {"type": "Point", "coordinates": [4.411640680463491, 51.21952794740704]}, "capacity": 36, "isSlotTaken": [false, false, false, false, false, false, false, false, false, false, false, false, false, false, false, false, false, false, false, false, false, false, false, false, false, false, false, false, false, false, false, false, false, false, false, false]}, "Station8407": {"id": 8407, "location": {"type": "Point", "coordinates": [4.418357190227442, 51.20582978078355]}, "capacity": 36, "isSlotTaken": [false, false, false, false, false, false, false, false, false, false, false, false, false, false, false, false, false, false, false, false, false, false, false, false, false, false, false, false, false, false, false, false, false, false, false, false]}}